name;actual;prediction;False_probability;True_probability
d:\a\repo_mining_runner\repo_mining_runner\apache_repos\commons-lang\src\main\java\org\apache\commons\lang3\annotationutils.java;False;False;0.99525;0.00475
d:\a\repo_mining_runner\repo_mining_runner\apache_repos\commons-lang\src\main\java\org\apache\commons\lang3\archutils.java;False;False;0.996;0.004
d:\a\repo_mining_runner\repo_mining_runner\apache_repos\commons-lang\src\main\java\org\apache\commons\lang3\arrayutils.java;False;False;0.9505833333333332;0.049416666666666664
d:\a\repo_mining_runner\repo_mining_runner\apache_repos\commons-lang\src\main\java\org\apache\commons\lang3\bitfield.java;False;False;1.0;0.0
d:\a\repo_mining_runner\repo_mining_runner\apache_repos\commons-lang\src\main\java\org\apache\commons\lang3\booleanutils.java;False;False;0.991;0.009
d:\a\repo_mining_runner\repo_mining_runner\apache_repos\commons-lang\src\main\java\org\apache\commons\lang3\charencoding.java;False;False;0.9745;0.0255
d:\a\repo_mining_runner\repo_mining_runner\apache_repos\commons-lang\src\main\java\org\apache\commons\lang3\charrange.java;False;False;0.999;0.001
d:\a\repo_mining_runner\repo_mining_runner\apache_repos\commons-lang\src\main\java\org\apache\commons\lang3\charsequenceutils.java;False;False;0.9933333333333334;0.006666666666666666
d:\a\repo_mining_runner\repo_mining_runner\apache_repos\commons-lang\src\main\java\org\apache\commons\lang3\charset.java;False;False;0.997;0.003
d:\a\repo_mining_runner\repo_mining_runner\apache_repos\commons-lang\src\main\java\org\apache\commons\lang3\charsetutils.java;False;False;0.999;0.001
d:\a\repo_mining_runner\repo_mining_runner\apache_repos\commons-lang\src\main\java\org\apache\commons\lang3\charutils.java;False;False;0.9520357142857142;0.047964285714285716
d:\a\repo_mining_runner\repo_mining_runner\apache_repos\commons-lang\src\main\java\org\apache\commons\lang3\classpathutils.java;False;False;1.0;0.0
d:\a\repo_mining_runner\repo_mining_runner\apache_repos\commons-lang\src\main\java\org\apache\commons\lang3\classutils.java;False;True;0.43266666666666664;0.5673333333333334
d:\a\repo_mining_runner\repo_mining_runner\apache_repos\commons-lang\src\main\java\org\apache\commons\lang3\conversion.java;False;False;0.9503333333333334;0.049666666666666665
d:\a\repo_mining_runner\repo_mining_runner\apache_repos\commons-lang\src\main\java\org\apache\commons\lang3\enumutils.java;False;False;0.983;0.017
d:\a\repo_mining_runner\repo_mining_runner\apache_repos\commons-lang\src\main\java\org\apache\commons\lang3\localeutils.java;False;False;0.9581666666666666;0.041833333333333333
d:\a\repo_mining_runner\repo_mining_runner\apache_repos\commons-lang\src\main\java\org\apache\commons\lang3\notimplementedexception.java;False;False;1.0;0.0
d:\a\repo_mining_runner\repo_mining_runner\apache_repos\commons-lang\src\main\java\org\apache\commons\lang3\objectutils.java;False;False;0.5045833333333333;0.49541666666666667
d:\a\repo_mining_runner\repo_mining_runner\apache_repos\commons-lang\src\main\java\org\apache\commons\lang3\randomstringutils.java;False;False;0.99;0.01
d:\a\repo_mining_runner\repo_mining_runner\apache_repos\commons-lang\src\main\java\org\apache\commons\lang3\randomutils.java;False;False;0.995;0.005
d:\a\repo_mining_runner\repo_mining_runner\apache_repos\commons-lang\src\main\java\org\apache\commons\lang3\range.java;False;False;0.9973333333333333;0.0026666666666666666
d:\a\repo_mining_runner\repo_mining_runner\apache_repos\commons-lang\src\main\java\org\apache\commons\lang3\regexutils.java;False;False;0.83175;0.16825
d:\a\repo_mining_runner\repo_mining_runner\apache_repos\commons-lang\src\main\java\org\apache\commons\lang3\serializationutils.java;False;False;0.9723333333333334;0.02766666666666667
d:\a\repo_mining_runner\repo_mining_runner\apache_repos\commons-lang\src\main\java\org\apache\commons\lang3\stringescapeutils.java;False;False;0.96925;0.03075
d:\a\repo_mining_runner\repo_mining_runner\apache_repos\commons-lang\src\main\java\org\apache\commons\lang3\stringutils.java;True;True;0.39966666666666667;0.6003333333333333
d:\a\repo_mining_runner\repo_mining_runner\apache_repos\commons-lang\src\main\java\org\apache\commons\lang3\systemutils.java;False;True;0.3747;0.6253
d:\a\repo_mining_runner\repo_mining_runner\apache_repos\commons-lang\src\main\java\org\apache\commons\lang3\threadutils.java;False;False;0.993;0.007
d:\a\repo_mining_runner\repo_mining_runner\apache_repos\commons-lang\src\main\java\org\apache\commons\lang3\validate.java;False;False;0.9658333333333333;0.034166666666666665
d:\a\repo_mining_runner\repo_mining_runner\apache_repos\commons-lang\src\main\java\org\apache\commons\lang3\arch\processor.java;False;False;1.0;0.0
d:\a\repo_mining_runner\repo_mining_runner\apache_repos\commons-lang\src\main\java\org\apache\commons\lang3\builder\builder.java;False;False;1.0;0.0
d:\a\repo_mining_runner\repo_mining_runner\apache_repos\commons-lang\src\main\java\org\apache\commons\lang3\builder\comparetobuilder.java;False;False;0.9053166666666668;0.09468333333333334
d:\a\repo_mining_runner\repo_mining_runner\apache_repos\commons-lang\src\main\java\org\apache\commons\lang3\builder\diff.java;False;False;1.0;0.0
d:\a\repo_mining_runner\repo_mining_runner\apache_repos\commons-lang\src\main\java\org\apache\commons\lang3\builder\diffbuilder.java;False;False;0.982;0.018
d:\a\repo_mining_runner\repo_mining_runner\apache_repos\commons-lang\src\main\java\org\apache\commons\lang3\builder\diffresult.java;False;False;0.999;0.001
d:\a\repo_mining_runner\repo_mining_runner\apache_repos\commons-lang\src\main\java\org\apache\commons\lang3\builder\diffable.java;False;False;1.0;0.0
d:\a\repo_mining_runner\repo_mining_runner\apache_repos\commons-lang\src\main\java\org\apache\commons\lang3\builder\equalsbuilder.java;False;False;0.725;0.275
d:\a\repo_mining_runner\repo_mining_runner\apache_repos\commons-lang\src\main\java\org\apache\commons\lang3\builder\hashcodebuilder.java;False;False;0.985;0.015
d:\a\repo_mining_runner\repo_mining_runner\apache_repos\commons-lang\src\main\java\org\apache\commons\lang3\builder\idkey.java;False;False;0.998;0.002
d:\a\repo_mining_runner\repo_mining_runner\apache_repos\commons-lang\src\main\java\org\apache\commons\lang3\builder\multilinerecursivetostringstyle.java;False;False;0.945;0.055
d:\a\repo_mining_runner\repo_mining_runner\apache_repos\commons-lang\src\main\java\org\apache\commons\lang3\builder\recursivetostringstyle.java;False;False;1.0;0.0
d:\a\repo_mining_runner\repo_mining_runner\apache_repos\commons-lang\src\main\java\org\apache\commons\lang3\builder\reflectiondiffbuilder.java;False;False;0.992;0.008
d:\a\repo_mining_runner\repo_mining_runner\apache_repos\commons-lang\src\main\java\org\apache\commons\lang3\builder\reflectiontostringbuilder.java;False;False;0.9176666666666666;0.08233333333333334
d:\a\repo_mining_runner\repo_mining_runner\apache_repos\commons-lang\src\main\java\org\apache\commons\lang3\builder\standardtostringstyle.java;False;False;0.999;0.001
d:\a\repo_mining_runner\repo_mining_runner\apache_repos\commons-lang\src\main\java\org\apache\commons\lang3\builder\tostringbuilder.java;False;False;0.995;0.005
d:\a\repo_mining_runner\repo_mining_runner\apache_repos\commons-lang\src\main\java\org\apache\commons\lang3\builder\tostringstyle.java;False;False;0.5485;0.4515
d:\a\repo_mining_runner\repo_mining_runner\apache_repos\commons-lang\src\main\java\org\apache\commons\lang3\concurrent\abstractcircuitbreaker.java;False;False;0.999;0.001
d:\a\repo_mining_runner\repo_mining_runner\apache_repos\commons-lang\src\main\java\org\apache\commons\lang3\concurrent\atomicinitializer.java;False;False;0.998;0.002
d:\a\repo_mining_runner\repo_mining_runner\apache_repos\commons-lang\src\main\java\org\apache\commons\lang3\concurrent\atomicsafeinitializer.java;False;False;0.997;0.003
d:\a\repo_mining_runner\repo_mining_runner\apache_repos\commons-lang\src\main\java\org\apache\commons\lang3\concurrent\backgroundinitializer.java;False;False;0.997;0.003
d:\a\repo_mining_runner\repo_mining_runner\apache_repos\commons-lang\src\main\java\org\apache\commons\lang3\concurrent\basicthreadfactory.java;False;False;0.9468333333333333;0.053166666666666675
d:\a\repo_mining_runner\repo_mining_runner\apache_repos\commons-lang\src\main\java\org\apache\commons\lang3\concurrent\callablebackgroundinitializer.java;False;False;0.997;0.003
d:\a\repo_mining_runner\repo_mining_runner\apache_repos\commons-lang\src\main\java\org\apache\commons\lang3\concurrent\circuitbreaker.java;False;False;1.0;0.0
d:\a\repo_mining_runner\repo_mining_runner\apache_repos\commons-lang\src\main\java\org\apache\commons\lang3\concurrent\computable.java;False;False;1.0;0.0
d:\a\repo_mining_runner\repo_mining_runner\apache_repos\commons-lang\src\main\java\org\apache\commons\lang3\concurrent\concurrentinitializer.java;False;False;1.0;0.0
d:\a\repo_mining_runner\repo_mining_runner\apache_repos\commons-lang\src\main\java\org\apache\commons\lang3\concurrent\concurrentutils.java;False;False;1.0;0.0
d:\a\repo_mining_runner\repo_mining_runner\apache_repos\commons-lang\src\main\java\org\apache\commons\lang3\concurrent\constantinitializer.java;False;False;0.996;0.004
d:\a\repo_mining_runner\repo_mining_runner\apache_repos\commons-lang\src\main\java\org\apache\commons\lang3\concurrent\eventcountcircuitbreaker.java;False;False;0.6655;0.3345
d:\a\repo_mining_runner\repo_mining_runner\apache_repos\commons-lang\src\main\java\org\apache\commons\lang3\concurrent\lazyinitializer.java;False;False;0.998;0.002
d:\a\repo_mining_runner\repo_mining_runner\apache_repos\commons-lang\src\main\java\org\apache\commons\lang3\concurrent\memoizer.java;False;False;0.9955;0.0045
d:\a\repo_mining_runner\repo_mining_runner\apache_repos\commons-lang\src\main\java\org\apache\commons\lang3\concurrent\multibackgroundinitializer.java;False;False;0.9976666666666667;0.002333333333333333
d:\a\repo_mining_runner\repo_mining_runner\apache_repos\commons-lang\src\main\java\org\apache\commons\lang3\concurrent\thresholdcircuitbreaker.java;False;False;0.997;0.003
d:\a\repo_mining_runner\repo_mining_runner\apache_repos\commons-lang\src\main\java\org\apache\commons\lang3\concurrent\timedsemaphore.java;False;False;0.991;0.009
d:\a\repo_mining_runner\repo_mining_runner\apache_repos\commons-lang\src\main\java\org\apache\commons\lang3\event\eventlistenersupport.java;False;False;0.9953333333333334;0.004666666666666666
d:\a\repo_mining_runner\repo_mining_runner\apache_repos\commons-lang\src\main\java\org\apache\commons\lang3\event\eventutils.java;False;False;0.995;0.005
d:\a\repo_mining_runner\repo_mining_runner\apache_repos\commons-lang\src\main\java\org\apache\commons\lang3\exception\contextedexception.java;False;False;1.0;0.0
d:\a\repo_mining_runner\repo_mining_runner\apache_repos\commons-lang\src\main\java\org\apache\commons\lang3\exception\contextedruntimeexception.java;False;False;1.0;0.0
d:\a\repo_mining_runner\repo_mining_runner\apache_repos\commons-lang\src\main\java\org\apache\commons\lang3\exception\defaultexceptioncontext.java;False;False;0.996;0.004
d:\a\repo_mining_runner\repo_mining_runner\apache_repos\commons-lang\src\main\java\org\apache\commons\lang3\exception\exceptioncontext.java;False;False;0.997;0.003
d:\a\repo_mining_runner\repo_mining_runner\apache_repos\commons-lang\src\main\java\org\apache\commons\lang3\exception\exceptionutils.java;False;False;0.607;0.393
d:\a\repo_mining_runner\repo_mining_runner\apache_repos\commons-lang\src\main\java\org\apache\commons\lang3\math\fraction.java;False;False;0.869;0.131
d:\a\repo_mining_runner\repo_mining_runner\apache_repos\commons-lang\src\main\java\org\apache\commons\lang3\math\ieee754rutils.java;False;False;0.996;0.004
d:\a\repo_mining_runner\repo_mining_runner\apache_repos\commons-lang\src\main\java\org\apache\commons\lang3\math\numberutils.java;False;False;0.6844690476190475;0.3155309523809524
d:\a\repo_mining_runner\repo_mining_runner\apache_repos\commons-lang\src\main\java\org\apache\commons\lang3\mutable\mutable.java;False;False;0.997;0.003
d:\a\repo_mining_runner\repo_mining_runner\apache_repos\commons-lang\src\main\java\org\apache\commons\lang3\mutable\mutableboolean.java;False;False;0.995;0.005
d:\a\repo_mining_runner\repo_mining_runner\apache_repos\commons-lang\src\main\java\org\apache\commons\lang3\mutable\mutablebyte.java;False;False;1.0;0.0
d:\a\repo_mining_runner\repo_mining_runner\apache_repos\commons-lang\src\main\java\org\apache\commons\lang3\mutable\mutabledouble.java;False;False;0.985;0.015
d:\a\repo_mining_runner\repo_mining_runner\apache_repos\commons-lang\src\main\java\org\apache\commons\lang3\mutable\mutablefloat.java;False;False;0.985;0.015
d:\a\repo_mining_runner\repo_mining_runner\apache_repos\commons-lang\src\main\java\org\apache\commons\lang3\mutable\mutableint.java;False;False;0.998;0.002
d:\a\repo_mining_runner\repo_mining_runner\apache_repos\commons-lang\src\main\java\org\apache\commons\lang3\mutable\mutablelong.java;False;False;0.998;0.002
d:\a\repo_mining_runner\repo_mining_runner\apache_repos\commons-lang\src\main\java\org\apache\commons\lang3\mutable\mutableobject.java;False;False;0.999;0.001
d:\a\repo_mining_runner\repo_mining_runner\apache_repos\commons-lang\src\main\java\org\apache\commons\lang3\mutable\mutableshort.java;False;False;0.998;0.002
d:\a\repo_mining_runner\repo_mining_runner\apache_repos\commons-lang\src\main\java\org\apache\commons\lang3\reflect\constructorutils.java;False;False;0.996;0.004
d:\a\repo_mining_runner\repo_mining_runner\apache_repos\commons-lang\src\main\java\org\apache\commons\lang3\reflect\fieldutils.java;True;False;0.9651333333333333;0.03486666666666666
d:\a\repo_mining_runner\repo_mining_runner\apache_repos\commons-lang\src\main\java\org\apache\commons\lang3\reflect\inheritanceutils.java;False;False;1.0;0.0
d:\a\repo_mining_runner\repo_mining_runner\apache_repos\commons-lang\src\main\java\org\apache\commons\lang3\reflect\memberutils.java;False;False;0.707;0.293
d:\a\repo_mining_runner\repo_mining_runner\apache_repos\commons-lang\src\main\java\org\apache\commons\lang3\reflect\methodutils.java;False;False;0.9898333333333332;0.010166666666666666
d:\a\repo_mining_runner\repo_mining_runner\apache_repos\commons-lang\src\main\java\org\apache\commons\lang3\reflect\typeliteral.java;False;False;0.999;0.001
d:\a\repo_mining_runner\repo_mining_runner\apache_repos\commons-lang\src\main\java\org\apache\commons\lang3\reflect\typeutils.java;False;True;0.2435;0.7565
d:\a\repo_mining_runner\repo_mining_runner\apache_repos\commons-lang\src\main\java\org\apache\commons\lang3\reflect\typed.java;False;False;1.0;0.0
d:\a\repo_mining_runner\repo_mining_runner\apache_repos\commons-lang\src\main\java\org\apache\commons\lang3\text\compositeformat.java;False;False;1.0;0.0
d:\a\repo_mining_runner\repo_mining_runner\apache_repos\commons-lang\src\main\java\org\apache\commons\lang3\text\extendedmessageformat.java;False;False;0.985;0.015
d:\a\repo_mining_runner\repo_mining_runner\apache_repos\commons-lang\src\main\java\org\apache\commons\lang3\text\formatfactory.java;False;False;1.0;0.0
d:\a\repo_mining_runner\repo_mining_runner\apache_repos\commons-lang\src\main\java\org\apache\commons\lang3\text\formattableutils.java;False;False;0.9986666666666666;0.0013333333333333333
d:\a\repo_mining_runner\repo_mining_runner\apache_repos\commons-lang\src\main\java\org\apache\commons\lang3\text\strbuilder.java;False;False;0.972;0.028
d:\a\repo_mining_runner\repo_mining_runner\apache_repos\commons-lang\src\main\java\org\apache\commons\lang3\text\strlookup.java;False;False;0.9795;0.0205
d:\a\repo_mining_runner\repo_mining_runner\apache_repos\commons-lang\src\main\java\org\apache\commons\lang3\text\strmatcher.java;False;False;0.995;0.005
d:\a\repo_mining_runner\repo_mining_runner\apache_repos\commons-lang\src\main\java\org\apache\commons\lang3\text\strsubstitutor.java;False;False;0.949;0.051
d:\a\repo_mining_runner\repo_mining_runner\apache_repos\commons-lang\src\main\java\org\apache\commons\lang3\text\strtokenizer.java;False;False;0.6081666666666667;0.39183333333333337
d:\a\repo_mining_runner\repo_mining_runner\apache_repos\commons-lang\src\main\java\org\apache\commons\lang3\text\wordutils.java;False;False;0.651;0.349
d:\a\repo_mining_runner\repo_mining_runner\apache_repos\commons-lang\src\main\java\org\apache\commons\lang3\text\translate\aggregatetranslator.java;False;False;0.999;0.001
d:\a\repo_mining_runner\repo_mining_runner\apache_repos\commons-lang\src\main\java\org\apache\commons\lang3\text\translate\charsequencetranslator.java;False;False;0.9709999999999999;0.028999999999999998
d:\a\repo_mining_runner\repo_mining_runner\apache_repos\commons-lang\src\main\java\org\apache\commons\lang3\text\translate\codepointtranslator.java;False;False;0.997;0.003
d:\a\repo_mining_runner\repo_mining_runner\apache_repos\commons-lang\src\main\java\org\apache\commons\lang3\text\translate\entityarrays.java;False;False;0.986;0.014
d:\a\repo_mining_runner\repo_mining_runner\apache_repos\commons-lang\src\main\java\org\apache\commons\lang3\text\translate\javaunicodeescaper.java;False;False;1.0;0.0
d:\a\repo_mining_runner\repo_mining_runner\apache_repos\commons-lang\src\main\java\org\apache\commons\lang3\text\translate\lookuptranslator.java;False;False;1.0;0.0
d:\a\repo_mining_runner\repo_mining_runner\apache_repos\commons-lang\src\main\java\org\apache\commons\lang3\text\translate\numericentityescaper.java;False;False;0.999;0.001
d:\a\repo_mining_runner\repo_mining_runner\apache_repos\commons-lang\src\main\java\org\apache\commons\lang3\text\translate\numericentityunescaper.java;False;False;0.993;0.007
d:\a\repo_mining_runner\repo_mining_runner\apache_repos\commons-lang\src\main\java\org\apache\commons\lang3\text\translate\octalunescaper.java;False;False;0.993;0.007
d:\a\repo_mining_runner\repo_mining_runner\apache_repos\commons-lang\src\main\java\org\apache\commons\lang3\text\translate\unicodeescaper.java;False;False;1.0;0.0
d:\a\repo_mining_runner\repo_mining_runner\apache_repos\commons-lang\src\main\java\org\apache\commons\lang3\text\translate\unicodeunescaper.java;False;False;0.9985;0.0015
d:\a\repo_mining_runner\repo_mining_runner\apache_repos\commons-lang\src\main\java\org\apache\commons\lang3\text\translate\unicodeunpairedsurrogateremover.java;False;False;1.0;0.0
d:\a\repo_mining_runner\repo_mining_runner\apache_repos\commons-lang\src\main\java\org\apache\commons\lang3\time\dateformatutils.java;False;False;0.9156666666666667;0.08433333333333334
d:\a\repo_mining_runner\repo_mining_runner\apache_repos\commons-lang\src\main\java\org\apache\commons\lang3\time\dateparser.java;False;False;0.999;0.001
d:\a\repo_mining_runner\repo_mining_runner\apache_repos\commons-lang\src\main\java\org\apache\commons\lang3\time\dateprinter.java;False;False;1.0;0.0
d:\a\repo_mining_runner\repo_mining_runner\apache_repos\commons-lang\src\main\java\org\apache\commons\lang3\time\dateutils.java;False;False;0.95025;0.04975
d:\a\repo_mining_runner\repo_mining_runner\apache_repos\commons-lang\src\main\java\org\apache\commons\lang3\time\durationformatutils.java;False;False;0.5688619047619049;0.43113809523809515
d:\a\repo_mining_runner\repo_mining_runner\apache_repos\commons-lang\src\main\java\org\apache\commons\lang3\time\fastdateformat.java;False;False;0.9634333333333334;0.03656666666666667
d:\a\repo_mining_runner\repo_mining_runner\apache_repos\commons-lang\src\main\java\org\apache\commons\lang3\time\fastdateparser.java;False;True;0.416;0.584
d:\a\repo_mining_runner\repo_mining_runner\apache_repos\commons-lang\src\main\java\org\apache\commons\lang3\time\fastdateprinter.java;False;False;0.9645;0.0355
d:\a\repo_mining_runner\repo_mining_runner\apache_repos\commons-lang\src\main\java\org\apache\commons\lang3\time\fasttimezone.java;False;False;0.9923333333333333;0.007666666666666666
d:\a\repo_mining_runner\repo_mining_runner\apache_repos\commons-lang\src\main\java\org\apache\commons\lang3\time\formatcache.java;False;False;0.9965;0.0035
d:\a\repo_mining_runner\repo_mining_runner\apache_repos\commons-lang\src\main\java\org\apache\commons\lang3\time\gmttimezone.java;False;False;0.998;0.002
d:\a\repo_mining_runner\repo_mining_runner\apache_repos\commons-lang\src\main\java\org\apache\commons\lang3\time\stopwatch.java;False;False;1.0;0.0
d:\a\repo_mining_runner\repo_mining_runner\apache_repos\commons-lang\src\main\java\org\apache\commons\lang3\tuple\immutablepair.java;False;False;0.992;0.008
d:\a\repo_mining_runner\repo_mining_runner\apache_repos\commons-lang\src\main\java\org\apache\commons\lang3\tuple\immutabletriple.java;False;False;0.996;0.004
d:\a\repo_mining_runner\repo_mining_runner\apache_repos\commons-lang\src\main\java\org\apache\commons\lang3\tuple\mutablepair.java;False;False;0.995;0.005
d:\a\repo_mining_runner\repo_mining_runner\apache_repos\commons-lang\src\main\java\org\apache\commons\lang3\tuple\mutabletriple.java;False;False;1.0;0.0
d:\a\repo_mining_runner\repo_mining_runner\apache_repos\commons-lang\src\main\java\org\apache\commons\lang3\tuple\pair.java;False;False;0.9949999999999999;0.005
d:\a\repo_mining_runner\repo_mining_runner\apache_repos\commons-lang\src\main\java\org\apache\commons\lang3\tuple\triple.java;False;False;0.998;0.002
d:\a\repo_mining_runner\repo_mining_runner\apache_repos\commons-lang\src\test\java\org\apache\commons\lang3\annotationutilstest.java;True;False;0.9873333333333333;0.012666666666666668
d:\a\repo_mining_runner\repo_mining_runner\apache_repos\commons-lang\src\test\java\org\apache\commons\lang3\archutilstest.java;False;False;0.992;0.008
d:\a\repo_mining_runner\repo_mining_runner\apache_repos\commons-lang\src\test\java\org\apache\commons\lang3\arrayutilsaddtest.java;False;False;0.9935;0.0065
d:\a\repo_mining_runner\repo_mining_runner\apache_repos\commons-lang\src\test\java\org\apache\commons\lang3\arrayutilsinserttest.java;True;False;0.9819166666666668;0.018083333333333333
d:\a\repo_mining_runner\repo_mining_runner\apache_repos\commons-lang\src\test\java\org\apache\commons\lang3\arrayutilsremovemultipletest.java;False;False;0.9951666666666666;0.004833333333333334
d:\a\repo_mining_runner\repo_mining_runner\apache_repos\commons-lang\src\test\java\org\apache\commons\lang3\arrayutilsremovetest.java;False;False;0.998;0.002
d:\a\repo_mining_runner\repo_mining_runner\apache_repos\commons-lang\src\test\java\org\apache\commons\lang3\arrayutilstest.java;True;True;0.389;0.611
d:\a\repo_mining_runner\repo_mining_runner\apache_repos\commons-lang\src\test\java\org\apache\commons\lang3\bitfieldtest.java;False;False;0.997;0.003
d:\a\repo_mining_runner\repo_mining_runner\apache_repos\commons-lang\src\test\java\org\apache\commons\lang3\booleanutilstest.java;True;False;0.9756;0.024399999999999998
d:\a\repo_mining_runner\repo_mining_runner\apache_repos\commons-lang\src\test\java\org\apache\commons\lang3\charencodingtest.java;False;False;0.94;0.06
d:\a\repo_mining_runner\repo_mining_runner\apache_repos\commons-lang\src\test\java\org\apache\commons\lang3\charrangetest.java;True;False;0.999;0.001
d:\a\repo_mining_runner\repo_mining_runner\apache_repos\commons-lang\src\test\java\org\apache\commons\lang3\charsequenceutilstest.java;False;False;0.9966666666666667;0.0033333333333333335
d:\a\repo_mining_runner\repo_mining_runner\apache_repos\commons-lang\src\test\java\org\apache\commons\lang3\charsettest.java;True;False;0.997;0.003
d:\a\repo_mining_runner\repo_mining_runner\apache_repos\commons-lang\src\test\java\org\apache\commons\lang3\charsetutilstest.java;False;False;0.9935;0.0065
d:\a\repo_mining_runner\repo_mining_runner\apache_repos\commons-lang\src\test\java\org\apache\commons\lang3\charutilsperfrun.java;False;False;0.997;0.003
d:\a\repo_mining_runner\repo_mining_runner\apache_repos\commons-lang\src\test\java\org\apache\commons\lang3\charutilstest.java;True;False;0.8286666666666667;0.1713333333333333
d:\a\repo_mining_runner\repo_mining_runner\apache_repos\commons-lang\src\test\java\org\apache\commons\lang3\classpathutilstest.java;False;False;1.0;0.0
d:\a\repo_mining_runner\repo_mining_runner\apache_repos\commons-lang\src\test\java\org\apache\commons\lang3\classutilstest.java;True;False;0.912;0.088
d:\a\repo_mining_runner\repo_mining_runner\apache_repos\commons-lang\src\test\java\org\apache\commons\lang3\conversiontest.java;False;False;0.9852833333333334;0.014716666666666666
d:\a\repo_mining_runner\repo_mining_runner\apache_repos\commons-lang\src\test\java\org\apache\commons\lang3\enumutilstest.java;False;False;0.9560833333333334;0.043916666666666666
d:\a\repo_mining_runner\repo_mining_runner\apache_repos\commons-lang\src\test\java\org\apache\commons\lang3\hashsetvbitsettest.java;False;False;0.998;0.002
d:\a\repo_mining_runner\repo_mining_runner\apache_repos\commons-lang\src\test\java\org\apache\commons\lang3\javaversiontest.java;False;True;0.4390333333333331;0.5609666666666668
d:\a\repo_mining_runner\repo_mining_runner\apache_repos\commons-lang\src\test\java\org\apache\commons\lang3\localeutilstest.java;False;False;0.981;0.019
d:\a\repo_mining_runner\repo_mining_runner\apache_repos\commons-lang\src\test\java\org\apache\commons\lang3\notimplementedexceptiontest.java;False;False;1.0;0.0
d:\a\repo_mining_runner\repo_mining_runner\apache_repos\commons-lang\src\test\java\org\apache\commons\lang3\objectutilstest.java;False;False;0.687352380952381;0.31264761904761906
d:\a\repo_mining_runner\repo_mining_runner\apache_repos\commons-lang\src\test\java\org\apache\commons\lang3\randomstringutilstest.java;True;False;0.988;0.012
d:\a\repo_mining_runner\repo_mining_runner\apache_repos\commons-lang\src\test\java\org\apache\commons\lang3\randomutilstest.java;False;False;0.993;0.007
d:\a\repo_mining_runner\repo_mining_runner\apache_repos\commons-lang\src\test\java\org\apache\commons\lang3\rangetest.java;True;False;0.9871666666666666;0.012833333333333334
d:\a\repo_mining_runner\repo_mining_runner\apache_repos\commons-lang\src\test\java\org\apache\commons\lang3\regexutilstest.java;False;False;0.8681666666666665;0.1318333333333333
d:\a\repo_mining_runner\repo_mining_runner\apache_repos\commons-lang\src\test\java\org\apache\commons\lang3\serializationutilstest.java;False;False;0.9369833333333334;0.06301666666666667
d:\a\repo_mining_runner\repo_mining_runner\apache_repos\commons-lang\src\test\java\org\apache\commons\lang3\stringescapeutilstest.java;False;False;0.9856666666666667;0.014333333333333332
d:\a\repo_mining_runner\repo_mining_runner\apache_repos\commons-lang\src\test\java\org\apache\commons\lang3\stringutilscontainstest.java;False;False;0.996;0.004
d:\a\repo_mining_runner\repo_mining_runner\apache_repos\commons-lang\src\test\java\org\apache\commons\lang3\stringutilsemptyblanktest.java;False;False;0.9825;0.0175
d:\a\repo_mining_runner\repo_mining_runner\apache_repos\commons-lang\src\test\java\org\apache\commons\lang3\stringutilsequalsindexoftest.java;True;False;0.9674166666666667;0.03258333333333334
d:\a\repo_mining_runner\repo_mining_runner\apache_repos\commons-lang\src\test\java\org\apache\commons\lang3\stringutilsistest.java;False;False;0.997;0.003
d:\a\repo_mining_runner\repo_mining_runner\apache_repos\commons-lang\src\test\java\org\apache\commons\lang3\stringutilsstartsendswithtest.java;False;False;0.994;0.006
d:\a\repo_mining_runner\repo_mining_runner\apache_repos\commons-lang\src\test\java\org\apache\commons\lang3\stringutilssubstringtest.java;False;False;0.996;0.004
d:\a\repo_mining_runner\repo_mining_runner\apache_repos\commons-lang\src\test\java\org\apache\commons\lang3\stringutilstest.java;True;False;0.9683333333333334;0.03166666666666667
d:\a\repo_mining_runner\repo_mining_runner\apache_repos\commons-lang\src\test\java\org\apache\commons\lang3\stringutilstrimstriptest.java;False;False;0.987;0.013
d:\a\repo_mining_runner\repo_mining_runner\apache_repos\commons-lang\src\test\java\org\apache\commons\lang3\systemutilstest.java;False;True;0.2735;0.7265
d:\a\repo_mining_runner\repo_mining_runner\apache_repos\commons-lang\src\test\java\org\apache\commons\lang3\threadutilstest.java;False;False;0.994;0.006
d:\a\repo_mining_runner\repo_mining_runner\apache_repos\commons-lang\src\test\java\org\apache\commons\lang3\validatetest.java;False;False;0.6679833333333335;0.33201666666666685
d:\a\repo_mining_runner\repo_mining_runner\apache_repos\commons-lang\src\test\java\org\apache\commons\lang3\builder\comparetobuildertest.java;True;False;0.9885;0.0115
d:\a\repo_mining_runner\repo_mining_runner\apache_repos\commons-lang\src\test\java\org\apache\commons\lang3\builder\defaulttostringstyletest.java;False;False;1.0;0.0
d:\a\repo_mining_runner\repo_mining_runner\apache_repos\commons-lang\src\test\java\org\apache\commons\lang3\builder\diffbuildertest.java;True;False;0.9861666666666667;0.013833333333333333
d:\a\repo_mining_runner\repo_mining_runner\apache_repos\commons-lang\src\test\java\org\apache\commons\lang3\builder\diffresulttest.java;True;False;0.997;0.003
d:\a\repo_mining_runner\repo_mining_runner\apache_repos\commons-lang\src\test\java\org\apache\commons\lang3\builder\difftest.java;False;False;0.999;0.001
d:\a\repo_mining_runner\repo_mining_runner\apache_repos\commons-lang\src\test\java\org\apache\commons\lang3\builder\equalsbuildertest.java;True;False;0.77425;0.22575
d:\a\repo_mining_runner\repo_mining_runner\apache_repos\commons-lang\src\test\java\org\apache\commons\lang3\builder\hashcodebuilderandequalsbuildertest.java;False;False;1.0;0.0
d:\a\repo_mining_runner\repo_mining_runner\apache_repos\commons-lang\src\test\java\org\apache\commons\lang3\builder\hashcodebuildertest.java;False;False;0.9663333333333333;0.03366666666666667
d:\a\repo_mining_runner\repo_mining_runner\apache_repos\commons-lang\src\test\java\org\apache\commons\lang3\builder\jsontostringstyletest.java;False;False;0.691583333333333;0.30841666666666656
d:\a\repo_mining_runner\repo_mining_runner\apache_repos\commons-lang\src\test\java\org\apache\commons\lang3\builder\multilinetostringstyletest.java;False;False;0.99725;0.00275
d:\a\repo_mining_runner\repo_mining_runner\apache_repos\commons-lang\src\test\java\org\apache\commons\lang3\builder\multilinerecursivetostringstyletest.java;False;False;0.951;0.049
d:\a\repo_mining_runner\repo_mining_runner\apache_repos\commons-lang\src\test\java\org\apache\commons\lang3\builder\noclassnametostringstyletest.java;False;False;1.0;0.0
d:\a\repo_mining_runner\repo_mining_runner\apache_repos\commons-lang\src\test\java\org\apache\commons\lang3\builder\nofieldnamestostringstyletest.java;False;False;1.0;0.0
d:\a\repo_mining_runner\repo_mining_runner\apache_repos\commons-lang\src\test\java\org\apache\commons\lang3\builder\recursivetostringstyletest.java;False;False;1.0;0.0
d:\a\repo_mining_runner\repo_mining_runner\apache_repos\commons-lang\src\test\java\org\apache\commons\lang3\builder\reflectiondiffbuildertest.java;False;False;0.989;0.011
d:\a\repo_mining_runner\repo_mining_runner\apache_repos\commons-lang\src\test\java\org\apache\commons\lang3\builder\reflectiontostringbuilderconcurrencytest.java;False;False;0.9986666666666666;0.0013333333333333333
d:\a\repo_mining_runner\repo_mining_runner\apache_repos\commons-lang\src\test\java\org\apache\commons\lang3\builder\reflectiontostringbuilderexcludenullvaluestest.java;False;False;0.998;0.002
d:\a\repo_mining_runner\repo_mining_runner\apache_repos\commons-lang\src\test\java\org\apache\commons\lang3\builder\reflectiontostringbuilderexcludetest.java;False;False;0.995;0.005
d:\a\repo_mining_runner\repo_mining_runner\apache_repos\commons-lang\src\test\java\org\apache\commons\lang3\builder\reflectiontostringbuilderexcludewithannotationtest.java;False;False;0.997;0.003
d:\a\repo_mining_runner\repo_mining_runner\apache_repos\commons-lang\src\test\java\org\apache\commons\lang3\builder\reflectiontostringbuildermutateinspectconcurrencytest.java;False;False;1.0;0.0
d:\a\repo_mining_runner\repo_mining_runner\apache_repos\commons-lang\src\test\java\org\apache\commons\lang3\builder\reflectiontostringbuildersummarytest.java;False;False;0.999;0.001
d:\a\repo_mining_runner\repo_mining_runner\apache_repos\commons-lang\src\test\java\org\apache\commons\lang3\builder\reflectiontostringbuildertest.java;False;False;0.995;0.005
d:\a\repo_mining_runner\repo_mining_runner\apache_repos\commons-lang\src\test\java\org\apache\commons\lang3\builder\shortprefixtostringstyletest.java;False;False;0.998;0.002
d:\a\repo_mining_runner\repo_mining_runner\apache_repos\commons-lang\src\test\java\org\apache\commons\lang3\builder\simpletostringstyletest.java;False;False;1.0;0.0
d:\a\repo_mining_runner\repo_mining_runner\apache_repos\commons-lang\src\test\java\org\apache\commons\lang3\builder\standardtostringstyletest.java;False;False;0.999;0.001
d:\a\repo_mining_runner\repo_mining_runner\apache_repos\commons-lang\src\test\java\org\apache\commons\lang3\builder\tostringbuildertest.java;True;False;0.899;0.101
d:\a\repo_mining_runner\repo_mining_runner\apache_repos\commons-lang\src\test\java\org\apache\commons\lang3\builder\tostringstyleconcurrencytest.java;False;False;1.0;0.0
d:\a\repo_mining_runner\repo_mining_runner\apache_repos\commons-lang\src\test\java\org\apache\commons\lang3\builder\tostringstyletest.java;False;False;1.0;0.0
d:\a\repo_mining_runner\repo_mining_runner\apache_repos\commons-lang\src\test\java\org\apache\commons\lang3\concurrent\abstractconcurrentinitializertest.java;False;False;1.0;0.0
d:\a\repo_mining_runner\repo_mining_runner\apache_repos\commons-lang\src\test\java\org\apache\commons\lang3\concurrent\atomicinitializertest.java;False;False;1.0;0.0
d:\a\repo_mining_runner\repo_mining_runner\apache_repos\commons-lang\src\test\java\org\apache\commons\lang3\concurrent\atomicsafeinitializertest.java;False;False;0.9943333333333334;0.005666666666666667
d:\a\repo_mining_runner\repo_mining_runner\apache_repos\commons-lang\src\test\java\org\apache\commons\lang3\concurrent\backgroundinitializertest.java;False;False;0.999;0.001
d:\a\repo_mining_runner\repo_mining_runner\apache_repos\commons-lang\src\test\java\org\apache\commons\lang3\concurrent\basicthreadfactorytest.java;True;False;0.99;0.01
d:\a\repo_mining_runner\repo_mining_runner\apache_repos\commons-lang\src\test\java\org\apache\commons\lang3\concurrent\callablebackgroundinitializertest.java;False;False;1.0;0.0
d:\a\repo_mining_runner\repo_mining_runner\apache_repos\commons-lang\src\test\java\org\apache\commons\lang3\concurrent\circuitbreakingexceptiontest.java;False;False;0.983;0.017
d:\a\repo_mining_runner\repo_mining_runner\apache_repos\commons-lang\src\test\java\org\apache\commons\lang3\concurrent\concurrentutilstest.java;False;False;0.99675;0.00325
d:\a\repo_mining_runner\repo_mining_runner\apache_repos\commons-lang\src\test\java\org\apache\commons\lang3\concurrent\constantinitializertest.java;True;False;0.999;0.001
d:\a\repo_mining_runner\repo_mining_runner\apache_repos\commons-lang\src\test\java\org\apache\commons\lang3\concurrent\eventcountcircuitbreakertest.java;False;False;0.5635;0.4365
d:\a\repo_mining_runner\repo_mining_runner\apache_repos\commons-lang\src\test\java\org\apache\commons\lang3\concurrent\lazyinitializertest.java;False;False;0.993;0.007
d:\a\repo_mining_runner\repo_mining_runner\apache_repos\commons-lang\src\test\java\org\apache\commons\lang3\concurrent\memoizertest.java;False;False;0.9975;0.0025
d:\a\repo_mining_runner\repo_mining_runner\apache_repos\commons-lang\src\test\java\org\apache\commons\lang3\concurrent\multibackgroundinitializertest.java;False;False;0.998;0.002
d:\a\repo_mining_runner\repo_mining_runner\apache_repos\commons-lang\src\test\java\org\apache\commons\lang3\concurrent\thresholdcircuitbreakertest.java;False;False;0.999;0.001
d:\a\repo_mining_runner\repo_mining_runner\apache_repos\commons-lang\src\test\java\org\apache\commons\lang3\concurrent\timedsemaphoretest.java;False;False;0.994;0.006
d:\a\repo_mining_runner\repo_mining_runner\apache_repos\commons-lang\src\test\java\org\apache\commons\lang3\event\eventlistenersupporttest.java;True;False;0.999;0.001
d:\a\repo_mining_runner\repo_mining_runner\apache_repos\commons-lang\src\test\java\org\apache\commons\lang3\event\eventutilstest.java;True;False;0.98975;0.01025
d:\a\repo_mining_runner\repo_mining_runner\apache_repos\commons-lang\src\test\java\org\apache\commons\lang3\exception\abstractexceptioncontexttest.java;True;False;0.9966;0.0034
d:\a\repo_mining_runner\repo_mining_runner\apache_repos\commons-lang\src\test\java\org\apache\commons\lang3\exception\abstractexceptiontest.java;False;False;0.997;0.003
d:\a\repo_mining_runner\repo_mining_runner\apache_repos\commons-lang\src\test\java\org\apache\commons\lang3\exception\clonefailedexceptiontest.java;False;False;0.996;0.004
d:\a\repo_mining_runner\repo_mining_runner\apache_repos\commons-lang\src\test\java\org\apache\commons\lang3\exception\contextedexceptiontest.java;True;False;0.998;0.002
d:\a\repo_mining_runner\repo_mining_runner\apache_repos\commons-lang\src\test\java\org\apache\commons\lang3\exception\contextedruntimeexceptiontest.java;True;False;0.999;0.001
d:\a\repo_mining_runner\repo_mining_runner\apache_repos\commons-lang\src\test\java\org\apache\commons\lang3\exception\defaultexceptioncontexttest.java;False;False;0.997;0.003
d:\a\repo_mining_runner\repo_mining_runner\apache_repos\commons-lang\src\test\java\org\apache\commons\lang3\exception\exceptionutilstest.java;False;True;0.4016666666666666;0.5983333333333334
d:\a\repo_mining_runner\repo_mining_runner\apache_repos\commons-lang\src\test\java\org\apache\commons\lang3\math\fractiontest.java;True;False;0.995;0.005
d:\a\repo_mining_runner\repo_mining_runner\apache_repos\commons-lang\src\test\java\org\apache\commons\lang3\math\ieee754rutilstest.java;True;False;0.999;0.001
d:\a\repo_mining_runner\repo_mining_runner\apache_repos\commons-lang\src\test\java\org\apache\commons\lang3\math\numberutilstest.java;True;False;0.7065714285714289;0.29342857142857154
d:\a\repo_mining_runner\repo_mining_runner\apache_repos\commons-lang\src\test\java\org\apache\commons\lang3\mutable\mutablebooleantest.java;True;False;0.998;0.002
d:\a\repo_mining_runner\repo_mining_runner\apache_repos\commons-lang\src\test\java\org\apache\commons\lang3\mutable\mutablebytetest.java;True;False;0.999;0.001
d:\a\repo_mining_runner\repo_mining_runner\apache_repos\commons-lang\src\test\java\org\apache\commons\lang3\mutable\mutabledoubletest.java;True;False;1.0;0.0
d:\a\repo_mining_runner\repo_mining_runner\apache_repos\commons-lang\src\test\java\org\apache\commons\lang3\mutable\mutablefloattest.java;True;False;1.0;0.0
d:\a\repo_mining_runner\repo_mining_runner\apache_repos\commons-lang\src\test\java\org\apache\commons\lang3\mutable\mutableinttest.java;True;False;1.0;0.0
d:\a\repo_mining_runner\repo_mining_runner\apache_repos\commons-lang\src\test\java\org\apache\commons\lang3\mutable\mutablelongtest.java;True;False;0.999;0.001
d:\a\repo_mining_runner\repo_mining_runner\apache_repos\commons-lang\src\test\java\org\apache\commons\lang3\mutable\mutableobjecttest.java;True;False;0.9915;0.0085
d:\a\repo_mining_runner\repo_mining_runner\apache_repos\commons-lang\src\test\java\org\apache\commons\lang3\mutable\mutableshorttest.java;True;False;1.0;0.0
d:\a\repo_mining_runner\repo_mining_runner\apache_repos\commons-lang\src\test\java\org\apache\commons\lang3\reflect\constructorutilstest.java;False;False;0.832;0.168
d:\a\repo_mining_runner\repo_mining_runner\apache_repos\commons-lang\src\test\java\org\apache\commons\lang3\reflect\fieldutilstest.java;True;False;0.963;0.037
d:\a\repo_mining_runner\repo_mining_runner\apache_repos\commons-lang\src\test\java\org\apache\commons\lang3\reflect\inheritanceutilstest.java;False;False;1.0;0.0
d:\a\repo_mining_runner\repo_mining_runner\apache_repos\commons-lang\src\test\java\org\apache\commons\lang3\reflect\methodutilstest.java;False;False;0.96;0.04
d:\a\repo_mining_runner\repo_mining_runner\apache_repos\commons-lang\src\test\java\org\apache\commons\lang3\reflect\typeliteraltest.java;False;False;0.998;0.002
d:\a\repo_mining_runner\repo_mining_runner\apache_repos\commons-lang\src\test\java\org\apache\commons\lang3\reflect\typeutilstest.java;False;True;0.2821666666666666;0.7178333333333332
d:\a\repo_mining_runner\repo_mining_runner\apache_repos\commons-lang\src\test\java\org\apache\commons\lang3\reflect\testbed\ambig.java;False;False;1.0;0.0
d:\a\repo_mining_runner\repo_mining_runner\apache_repos\commons-lang\src\test\java\org\apache\commons\lang3\reflect\testbed\bar.java;False;False;1.0;0.0
d:\a\repo_mining_runner\repo_mining_runner\apache_repos\commons-lang\src\test\java\org\apache\commons\lang3\reflect\testbed\foo.java;False;False;1.0;0.0
d:\a\repo_mining_runner\repo_mining_runner\apache_repos\commons-lang\src\test\java\org\apache\commons\lang3\reflect\testbed\genericconsumer.java;False;False;1.0;0.0
d:\a\repo_mining_runner\repo_mining_runner\apache_repos\commons-lang\src\test\java\org\apache\commons\lang3\reflect\testbed\genericparent.java;False;False;0.9985;0.0015
d:\a\repo_mining_runner\repo_mining_runner\apache_repos\commons-lang\src\test\java\org\apache\commons\lang3\reflect\testbed\parent.java;False;False;1.0;0.0
d:\a\repo_mining_runner\repo_mining_runner\apache_repos\commons-lang\src\test\java\org\apache\commons\lang3\reflect\testbed\publicchild.java;False;False;1.0;0.0
d:\a\repo_mining_runner\repo_mining_runner\apache_repos\commons-lang\src\test\java\org\apache\commons\lang3\reflect\testbed\staticcontainer.java;False;False;1.0;0.0
d:\a\repo_mining_runner\repo_mining_runner\apache_repos\commons-lang\src\test\java\org\apache\commons\lang3\reflect\testbed\stringparameterizedchild.java;False;False;1.0;0.0
d:\a\repo_mining_runner\repo_mining_runner\apache_repos\commons-lang\src\test\java\org\apache\commons\lang3\test\notvisibleexceptionfactory.java;False;False;1.0;0.0
d:\a\repo_mining_runner\repo_mining_runner\apache_repos\commons-lang\src\test\java\org\apache\commons\lang3\test\systemdefaultsswitch.java;False;False;0.998;0.002
d:\a\repo_mining_runner\repo_mining_runner\apache_repos\commons-lang\src\test\java\org\apache\commons\lang3\test\systemdefaultsswitchtest.java;False;False;0.974;0.026
d:\a\repo_mining_runner\repo_mining_runner\apache_repos\commons-lang\src\test\java\org\apache\commons\lang3\text\compositeformattest.java;False;False;1.0;0.0
d:\a\repo_mining_runner\repo_mining_runner\apache_repos\commons-lang\src\test\java\org\apache\commons\lang3\text\extendedmessageformattest.java;True;False;0.7916666666666666;0.20833333333333334
d:\a\repo_mining_runner\repo_mining_runner\apache_repos\commons-lang\src\test\java\org\apache\commons\lang3\text\formattableutilstest.java;False;False;1.0;0.0
d:\a\repo_mining_runner\repo_mining_runner\apache_repos\commons-lang\src\test\java\org\apache\commons\lang3\text\strbuilderappendinserttest.java;False;False;0.996;0.004
d:\a\repo_mining_runner\repo_mining_runner\apache_repos\commons-lang\src\test\java\org\apache\commons\lang3\text\strbuildertest.java;True;False;0.9953333333333333;0.004666666666666667
d:\a\repo_mining_runner\repo_mining_runner\apache_repos\commons-lang\src\test\java\org\apache\commons\lang3\text\strlookuptest.java;False;False;1.0;0.0
d:\a\repo_mining_runner\repo_mining_runner\apache_repos\commons-lang\src\test\java\org\apache\commons\lang3\text\strmatchertest.java;False;False;0.9915;0.0085
d:\a\repo_mining_runner\repo_mining_runner\apache_repos\commons-lang\src\test\java\org\apache\commons\lang3\text\strsubstitutortest.java;False;False;0.9703333333333333;0.029666666666666664
d:\a\repo_mining_runner\repo_mining_runner\apache_repos\commons-lang\src\test\java\org\apache\commons\lang3\text\strtokenizertest.java;True;False;0.9934;0.0066
d:\a\repo_mining_runner\repo_mining_runner\apache_repos\commons-lang\src\test\java\org\apache\commons\lang3\text\wordutilstest.java;False;True;0.46945;0.53055
d:\a\repo_mining_runner\repo_mining_runner\apache_repos\commons-lang\src\test\java\org\apache\commons\lang3\text\translate\entityarraystest.java;False;False;1.0;0.0
d:\a\repo_mining_runner\repo_mining_runner\apache_repos\commons-lang\src\test\java\org\apache\commons\lang3\text\translate\lookuptranslatortest.java;False;False;1.0;0.0
d:\a\repo_mining_runner\repo_mining_runner\apache_repos\commons-lang\src\test\java\org\apache\commons\lang3\text\translate\numericentityescapertest.java;False;False;0.999;0.001
d:\a\repo_mining_runner\repo_mining_runner\apache_repos\commons-lang\src\test\java\org\apache\commons\lang3\text\translate\numericentityunescapertest.java;False;False;0.999;0.001
d:\a\repo_mining_runner\repo_mining_runner\apache_repos\commons-lang\src\test\java\org\apache\commons\lang3\text\translate\octalunescapertest.java;False;False;0.9983333333333334;0.0016666666666666666
d:\a\repo_mining_runner\repo_mining_runner\apache_repos\commons-lang\src\test\java\org\apache\commons\lang3\text\translate\unicodeescapertest.java;False;False;0.998;0.002
d:\a\repo_mining_runner\repo_mining_runner\apache_repos\commons-lang\src\test\java\org\apache\commons\lang3\text\translate\unicodeunescapertest.java;False;False;0.999;0.001
d:\a\repo_mining_runner\repo_mining_runner\apache_repos\commons-lang\src\test\java\org\apache\commons\lang3\text\translate\unicodeunpairedsurrogateremovertest.java;False;False;0.999;0.001
d:\a\repo_mining_runner\repo_mining_runner\apache_repos\commons-lang\src\test\java\org\apache\commons\lang3\time\dateformatutilstest.java;False;False;0.7121666666666666;0.2878333333333334
d:\a\repo_mining_runner\repo_mining_runner\apache_repos\commons-lang\src\test\java\org\apache\commons\lang3\time\dateutilsfragmenttest.java;False;False;0.996;0.004
d:\a\repo_mining_runner\repo_mining_runner\apache_repos\commons-lang\src\test\java\org\apache\commons\lang3\time\dateutilsroundingtest.java;True;False;0.993;0.007
d:\a\repo_mining_runner\repo_mining_runner\apache_repos\commons-lang\src\test\java\org\apache\commons\lang3\time\dateutilstest.java;False;False;0.8135;0.1865
d:\a\repo_mining_runner\repo_mining_runner\apache_repos\commons-lang\src\test\java\org\apache\commons\lang3\time\durationformatutilstest.java;True;False;0.8154166666666667;0.18458333333333335
d:\a\repo_mining_runner\repo_mining_runner\apache_repos\commons-lang\src\test\java\org\apache\commons\lang3\time\fastdateformattest.java;True;False;0.7715;0.2285
d:\a\repo_mining_runner\repo_mining_runner\apache_repos\commons-lang\src\test\java\org\apache\commons\lang3\time\fastdateformat_parsertest.java;False;False;1.0;0.0
d:\a\repo_mining_runner\repo_mining_runner\apache_repos\commons-lang\src\test\java\org\apache\commons\lang3\time\fastdateformat_printertest.java;False;False;1.0;0.0
d:\a\repo_mining_runner\repo_mining_runner\apache_repos\commons-lang\src\test\java\org\apache\commons\lang3\time\fastdateparsersdftest.java;False;False;0.996;0.004
d:\a\repo_mining_runner\repo_mining_runner\apache_repos\commons-lang\src\test\java\org\apache\commons\lang3\time\fastdateparsertest.java;True;False;0.5648333333333334;0.4351666666666667
d:\a\repo_mining_runner\repo_mining_runner\apache_repos\commons-lang\src\test\java\org\apache\commons\lang3\time\fastdateparser_moreorlesstest.java;False;False;0.987;0.013
d:\a\repo_mining_runner\repo_mining_runner\apache_repos\commons-lang\src\test\java\org\apache\commons\lang3\time\fastdateparser_timezonestrategytest.java;False;False;0.988;0.012
d:\a\repo_mining_runner\repo_mining_runner\apache_repos\commons-lang\src\test\java\org\apache\commons\lang3\time\fastdateprintertest.java;True;False;0.759;0.241
d:\a\repo_mining_runner\repo_mining_runner\apache_repos\commons-lang\src\test\java\org\apache\commons\lang3\time\fastdateprintertimezonestest.java;False;False;0.995;0.005
d:\a\repo_mining_runner\repo_mining_runner\apache_repos\commons-lang\src\test\java\org\apache\commons\lang3\time\fasttimezonetest.java;False;False;0.994;0.006
d:\a\repo_mining_runner\repo_mining_runner\apache_repos\commons-lang\src\test\java\org\apache\commons\lang3\time\gmttimezonetest.java;False;False;0.997;0.003
d:\a\repo_mining_runner\repo_mining_runner\apache_repos\commons-lang\src\test\java\org\apache\commons\lang3\time\stopwatchtest.java;True;False;0.9975;0.0025
d:\a\repo_mining_runner\repo_mining_runner\apache_repos\commons-lang\src\test\java\org\apache\commons\lang3\time\weekyeartest.java;False;False;0.994;0.006
d:\a\repo_mining_runner\repo_mining_runner\apache_repos\commons-lang\src\test\java\org\apache\commons\lang3\tuple\immutablepairtest.java;True;False;1.0;0.0
d:\a\repo_mining_runner\repo_mining_runner\apache_repos\commons-lang\src\test\java\org\apache\commons\lang3\tuple\immutabletripletest.java;True;False;1.0;0.0
d:\a\repo_mining_runner\repo_mining_runner\apache_repos\commons-lang\src\test\java\org\apache\commons\lang3\tuple\mutablepairtest.java;True;False;0.999;0.001
d:\a\repo_mining_runner\repo_mining_runner\apache_repos\commons-lang\src\test\java\org\apache\commons\lang3\tuple\mutabletripletest.java;True;False;1.0;0.0
d:\a\repo_mining_runner\repo_mining_runner\apache_repos\commons-lang\src\test\java\org\apache\commons\lang3\tuple\pairtest.java;True;False;1.0;0.0
d:\a\repo_mining_runner\repo_mining_runner\apache_repos\commons-lang\src\test\java\org\apache\commons\lang3\tuple\tripletest.java;True;False;0.999;0.001
